com.djhaskin.nrdl, ghcr.io/ocicl/com.djhaskin.nrdl@sha256:79691b3470a8c257aed961992fa6aff8cf61ac11f5502af5413b7fc8da9bef87, nrdl-20241014-5b17429/com.djhaskin.nrdl.asd
alexandria, ghcr.io/ocicl/iterate@sha256:398e3747b164f42e1a19fccf974bdf9c2a7938660f9bead1bb052124d58b5476, iterate-20240503-26cf129/ext/alexandria/alexandria.asd
trivial-features, ghcr.io/ocicl/trivial-features@sha256:e278e24d39060fc7d3715531b16ddd9ab7f93f22ade53e436c0b86dbae3aa065, trivial-features-1.0/trivial-features.asd
trivial-features-tests, ghcr.io/ocicl/trivial-features@sha256:e278e24d39060fc7d3715531b16ddd9ab7f93f22ade53e436c0b86dbae3aa065, trivial-features-1.0/trivial-features-tests.asd
quri, ghcr.io/ocicl/quri@sha256:e2559f91600e4895e115b42dde88fcaac3677f051335d73431888dcf7af99f95, quri-0.7.0/quri.asd
quri-test, ghcr.io/ocicl/quri@sha256:e2559f91600e4895e115b42dde88fcaac3677f051335d73431888dcf7af99f95, quri-0.7.0/quri-test.asd
babel, ghcr.io/ocicl/babel@sha256:b505136744213e6b953913780a4b647da40e83818a10f41004846863b5037810, babel-20240606-23c1440/babel.asd
babel-tests, ghcr.io/ocicl/babel@sha256:b505136744213e6b953913780a4b647da40e83818a10f41004846863b5037810, babel-20240606-23c1440/babel-tests.asd
babel-streams, ghcr.io/ocicl/babel@sha256:b505136744213e6b953913780a4b647da40e83818a10f41004846863b5037810, babel-20240606-23c1440/babel-streams.asd
split-sequence, ghcr.io/ocicl/split-sequence@sha256:3a37662eedd99c42995587b9d443c4631f25c4c523091bcca31a27b880585b8e, split-sequence-2.0.1/split-sequence.asd
cl-utilities, ghcr.io/ocicl/cl-utilities@sha256:e5e0676a4e0627332a0fe64d56ed4f1890f0466d715a11e8d95561b4c2baa38f, cl-utilities-20240503-6b4de39/cl-utilities.asd
cl-ppcre, ghcr.io/ocicl/cl-ppcre@sha256:584907e0683621973579f397115945ef73e9d5b7afa77fae7cacecb3ad272f89, cl-ppcre-20240503-80fb19d/cl-ppcre.asd
cl-ppcre-unicode, ghcr.io/ocicl/cl-ppcre@sha256:584907e0683621973579f397115945ef73e9d5b7afa77fae7cacecb3ad272f89, cl-ppcre-20240503-80fb19d/cl-ppcre-unicode.asd
cl-reexport, ghcr.io/ocicl/cl-reexport@sha256:c795feb3e3727a19e61797187eb31bac1e855b1332335d26752200a28e9b9da8, cl-reexport-20240503-03ad7a0/cl-reexport.asd
cl-reexport-test, ghcr.io/ocicl/cl-reexport@sha256:c795feb3e3727a19e61797187eb31bac1e855b1332335d26752200a28e9b9da8, cl-reexport-20240503-03ad7a0/cl-reexport-test.asd
arrows, ghcr.io/ocicl/arrows@sha256:5950f8d938b0c0b839bef02a8d64c2da5e93c68c70a59f9405855fce8ddd216d, arrows-20240503-df7cf00/arrows.asd
dexador, ghcr.io/ocicl/dexador@sha256:d1e8ca389d304fcab5d05a85015b9b75d98c9aab3618c9e895a12dee278b6122, dexador-20240925-d7ac217/dexador.asd
dexador-usocket, ghcr.io/ocicl/dexador@sha256:d1e8ca389d304fcab5d05a85015b9b75d98c9aab3618c9e895a12dee278b6122, dexador-20240925-d7ac217/dexador-usocket.asd
dexador-test, ghcr.io/ocicl/dexador@sha256:d1e8ca389d304fcab5d05a85015b9b75d98c9aab3618c9e895a12dee278b6122, dexador-20240925-d7ac217/dexador-test.asd
fast-http, ghcr.io/ocicl/fast-http@sha256:44e98b5239c0ded4921dc0b04ae272cff00583d93797a657543db782979eb50c, fast-http-20240503-2232fc9/fast-http.asd
fast-http-test, ghcr.io/ocicl/fast-http@sha256:44e98b5239c0ded4921dc0b04ae272cff00583d93797a657543db782979eb50c, fast-http-20240503-2232fc9/fast-http-test.asd
proc-parse, ghcr.io/ocicl/proc-parse@sha256:0880f9acb35eb9efbe1f77a981e36e84e8f29a22b14f680c7686eb381fa87bd6, proc-parse-20240503-3afe2b7/proc-parse.asd
proc-parse-test, ghcr.io/ocicl/proc-parse@sha256:0880f9acb35eb9efbe1f77a981e36e84e8f29a22b14f680c7686eb381fa87bd6, proc-parse-20240503-3afe2b7/proc-parse-test.asd
xsubseq, ghcr.io/ocicl/xsubseq@sha256:7605d14f7cc7fd2f63190ad81fe7bd65daef105d6728ee6bb59baef49da2aa51, xsubseq-20240503-5ce430b/xsubseq.asd
xsubseq-test, ghcr.io/ocicl/xsubseq@sha256:7605d14f7cc7fd2f63190ad81fe7bd65daef105d6728ee6bb59baef49da2aa51, xsubseq-20240503-5ce430b/xsubseq-test.asd
smart-buffer, ghcr.io/ocicl/smart-buffer@sha256:b8d194f5881c415fd7f0099b88dfd9e2158405c2966de15c716b155a364bf0f7, smart-buffer-20240503-619759d/smart-buffer.asd
smart-buffer-test, ghcr.io/ocicl/smart-buffer@sha256:b8d194f5881c415fd7f0099b88dfd9e2158405c2966de15c716b155a364bf0f7, smart-buffer-20240503-619759d/smart-buffer-test.asd
flexi-streams, ghcr.io/ocicl/flexi-streams@sha256:95005b06a8a95c82780c75ead53810bcb273d07fcf5fe76b527f1856df9923f2, flexi-streams-20240503-4951d57/flexi-streams.asd
flexi-streams-test, ghcr.io/ocicl/flexi-streams@sha256:95005b06a8a95c82780c75ead53810bcb273d07fcf5fe76b527f1856df9923f2, flexi-streams-20240503-4951d57/flexi-streams-test.asd
trivial-gray-streams, ghcr.io/ocicl/trivial-gray-streams@sha256:d0cc9fb73876100ee60647524f98b5b22566fa1c3a985d79548b0d2b228f8b51, trivial-gray-streams-20240503-a7ead68/trivial-gray-streams.asd
trivial-gray-streams-test, ghcr.io/ocicl/trivial-gray-streams@sha256:d0cc9fb73876100ee60647524f98b5b22566fa1c3a985d79548b0d2b228f8b51, trivial-gray-streams-20240503-a7ead68/trivial-gray-streams-test.asd
fast-io, ghcr.io/ocicl/fast-io@sha256:7ba35a0eddf00b3c25656b3c5a93e95460f6cb8f807afbc04ef4f50076d95aff, fast-io-20240503-a4c5ad6/fast-io.asd
fast-io-test, ghcr.io/ocicl/fast-io@sha256:7ba35a0eddf00b3c25656b3c5a93e95460f6cb8f807afbc04ef4f50076d95aff, fast-io-20240503-a4c5ad6/fast-io-test.asd
static-vectors, ghcr.io/ocicl/static-vectors@sha256:53e11e5689c3dbea6a3017760b55f052588003d774913539930ddc4330a69970, static-vectors-20240624-3d9d89b/static-vectors.asd
uffi, ghcr.io/ocicl/cffi@sha256:fe1246d11c4c067daefdb143e1252e0f3e99046909185d2c920adb8323318742, cffi-20240811-32c90d4/uffi-compat/uffi.asd
cffi, ghcr.io/ocicl/cffi@sha256:fe1246d11c4c067daefdb143e1252e0f3e99046909185d2c920adb8323318742, cffi-20240811-32c90d4/cffi.asd
cffi-uffi-compat, ghcr.io/ocicl/cffi@sha256:fe1246d11c4c067daefdb143e1252e0f3e99046909185d2c920adb8323318742, cffi-20240811-32c90d4/cffi-uffi-compat.asd
cffi-toolchain, ghcr.io/ocicl/cffi@sha256:fe1246d11c4c067daefdb143e1252e0f3e99046909185d2c920adb8323318742, cffi-20240811-32c90d4/cffi-toolchain.asd
cffi-tests, ghcr.io/ocicl/cffi@sha256:fe1246d11c4c067daefdb143e1252e0f3e99046909185d2c920adb8323318742, cffi-20240811-32c90d4/cffi-tests.asd
cffi-libffi, ghcr.io/ocicl/cffi@sha256:fe1246d11c4c067daefdb143e1252e0f3e99046909185d2c920adb8323318742, cffi-20240811-32c90d4/cffi-libffi.asd
cffi-grovel, ghcr.io/ocicl/cffi@sha256:fe1246d11c4c067daefdb143e1252e0f3e99046909185d2c920adb8323318742, cffi-20240811-32c90d4/cffi-grovel.asd
cffi-examples, ghcr.io/ocicl/cffi@sha256:fe1246d11c4c067daefdb143e1252e0f3e99046909185d2c920adb8323318742, cffi-20240811-32c90d4/cffi-examples.asd
trivial-garbage, ghcr.io/ocicl/trivial-garbage@sha256:a85dcf4110ad60ae9f6c70970acceb2bf12402ce5326891643d35506059afb1d, trivial-garbage-20240503-3474f64/trivial-garbage.asd
chunga, ghcr.io/ocicl/chunga@sha256:a59ccb3d13992748c676b8e3263256850ee626f98ac59adece5a142967b6f558, chunga-20240919-5cd13fe/chunga.asd
cl-cookie, ghcr.io/ocicl/cl-cookie@sha256:85cd8aa7f1379d041fae9530609cd68d5214fb978bc87faa7fd9ad5ad7e08a83, cl-cookie-20240703-6bcb74a/cl-cookie.asd
cl-cookie-test, ghcr.io/ocicl/cl-cookie@sha256:85cd8aa7f1379d041fae9530609cd68d5214fb978bc87faa7fd9ad5ad7e08a83, cl-cookie-20240703-6bcb74a/cl-cookie-test.asd
local-time, ghcr.io/ocicl/local-time@sha256:f6b11fc15cf92adb87a847d3af918ada947c2648660e74133db9183e7da0db70, local-time-20240817-5a09552/local-time.asd
cl-postgres_plus_local-time, ghcr.io/ocicl/local-time@sha256:f6b11fc15cf92adb87a847d3af918ada947c2648660e74133db9183e7da0db70, local-time-20240817-5a09552/cl-postgres+local-time.asd
trivial-mimes, ghcr.io/ocicl/trivial-mimes@sha256:b33ae6d62bcd666d046e4ae1625b8e8b46a548fe2c4f18b4899ce1ecf581c17b, trivial-mimes-20240503-1a80193/trivial-mimes.asd
chipz, ghcr.io/ocicl/chipz@sha256:fae0fae0c93199ba57c92d9102245a55c8a2c12af4442e0b141d5670bef4f2f0, chipz-20240503-6f80368/chipz.asd
cl-base64, ghcr.io/ocicl/cl-base64@sha256:702412dbc1ed825e275fb23e22c29527eb786bf644e47c7621bf0dbb34e17c7e, cl-base64-20240503-80496b7/cl-base64.asd
cl-base64-tests, ghcr.io/ocicl/cl-base64@sha256:702412dbc1ed825e275fb23e22c29527eb786bf644e47c7621bf0dbb34e17c7e, cl-base64-20240503-80496b7/cl-base64-tests.asd
usocket, ghcr.io/ocicl/usocket@sha256:015b8cdb91cdc25aefd08054e8ede6a5d054d10bc87916904cf0d0670b3f4a68, usocket-0.8.8/usocket.asd
usocket-test, ghcr.io/ocicl/usocket@sha256:015b8cdb91cdc25aefd08054e8ede6a5d054d10bc87916904cf0d0670b3f4a68, usocket-0.8.8/usocket-test.asd
usocket-server, ghcr.io/ocicl/usocket@sha256:015b8cdb91cdc25aefd08054e8ede6a5d054d10bc87916904cf0d0670b3f4a68, usocket-0.8.8/usocket-server.asd
bordeaux-threads, ghcr.io/ocicl/bordeaux-threads@sha256:bbb32afe3987e102149cc019f4f7366a05f7a37d1503f5f86a27745e671c320a, bordeaux-threads-0.9.4/bordeaux-threads.asd
global-vars, ghcr.io/ocicl/global-vars@sha256:d197e871c9c9abc4bf31b1186f5fd28f0ca848ebe2e9dddf2d82ecee01dbdc65, global-vars-20240503-c749f32/global-vars.asd
global-vars-test, ghcr.io/ocicl/global-vars@sha256:d197e871c9c9abc4bf31b1186f5fd28f0ca848ebe2e9dddf2d82ecee01dbdc65, global-vars-20240503-c749f32/global-vars-test.asd
cl_plus_ssl.test, ghcr.io/ocicl/cl_plus_ssl@sha256:acb61e8e4d3efcb23f4d86405ad22fdca2d685268c664735c962646a09706ab6, cl-plus-ssl-20240505-17d5cdd/cl+ssl.test.asd
cl_plus_ssl, ghcr.io/ocicl/cl_plus_ssl@sha256:acb61e8e4d3efcb23f4d86405ad22fdca2d685268c664735c962646a09706ab6, cl-plus-ssl-20240505-17d5cdd/cl+ssl.asd
trivial-package-local-nicknames, ghcr.io/ocicl/trivial-package-local-nicknames@sha256:d3b07c875822d9bd91cc0e26c1f681ad05acdc5c50a3f30c8077fb85343e095a, trivial-package-local-nicknames-20240503-8a4d09c/trivial-package-local-nicknames.asd
lem-sdl2, ghcr.io/ocicl/lem@sha256:3c66ff89ccb28061f0e12af745528c27adfce51273bebeb87c89949b068f0add, lem-20241019-f750fd6d/frontends/sdl2/lem-sdl2.asd
lem-pdcurses, ghcr.io/ocicl/lem@sha256:3c66ff89ccb28061f0e12af745528c27adfce51273bebeb87c89949b068f0add, lem-20241019-f750fd6d/frontends/pdcurses/lem-pdcurses.asd
lem-ncurses, ghcr.io/ocicl/lem@sha256:3c66ff89ccb28061f0e12af745528c27adfce51273bebeb87c89949b068f0add, lem-20241019-f750fd6d/frontends/ncurses/lem-ncurses.asd
lem-fake-interface, ghcr.io/ocicl/lem@sha256:3c66ff89ccb28061f0e12af745528c27adfce51273bebeb87c89949b068f0add, lem-20241019-f750fd6d/frontends/fake-interface/lem-fake-interface.asd
lem-yaml-mode, ghcr.io/ocicl/lem@sha256:3c66ff89ccb28061f0e12af745528c27adfce51273bebeb87c89949b068f0add, lem-20241019-f750fd6d/extensions/yaml-mode/lem-yaml-mode.asd
lem-xml-mode, ghcr.io/ocicl/lem@sha256:3c66ff89ccb28061f0e12af745528c27adfce51273bebeb87c89949b068f0add, lem-20241019-f750fd6d/extensions/xml-mode/lem-xml-mode.asd
lem-welcome, ghcr.io/ocicl/lem@sha256:3c66ff89ccb28061f0e12af745528c27adfce51273bebeb87c89949b068f0add, lem-20241019-f750fd6d/extensions/welcome/lem-welcome.asd
lem-vi-mode, ghcr.io/ocicl/lem@sha256:3c66ff89ccb28061f0e12af745528c27adfce51273bebeb87c89949b068f0add, lem-20241019-f750fd6d/extensions/vi-mode/lem-vi-mode.asd
lem-typescript-mode, ghcr.io/ocicl/lem@sha256:3c66ff89ccb28061f0e12af745528c27adfce51273bebeb87c89949b068f0add, lem-20241019-f750fd6d/extensions/typescript-mode/lem-typescript-mode.asd
lem-terraform-mode, ghcr.io/ocicl/lem@sha256:3c66ff89ccb28061f0e12af745528c27adfce51273bebeb87c89949b068f0add, lem-20241019-f750fd6d/extensions/terraform-mode/lem-terraform-mode.asd
lem-terminal, ghcr.io/ocicl/lem@sha256:3c66ff89ccb28061f0e12af745528c27adfce51273bebeb87c89949b068f0add, lem-20241019-f750fd6d/extensions/terminal/lem-terminal.asd
lem-swift-mode, ghcr.io/ocicl/lem@sha256:3c66ff89ccb28061f0e12af745528c27adfce51273bebeb87c89949b068f0add, lem-20241019-f750fd6d/extensions/swift-mode/lem-swift-mode.asd
lem-sql-mode, ghcr.io/ocicl/lem@sha256:3c66ff89ccb28061f0e12af745528c27adfce51273bebeb87c89949b068f0add, lem-20241019-f750fd6d/extensions/sql-mode/lem-sql-mode.asd
lem-shell-mode, ghcr.io/ocicl/lem@sha256:3c66ff89ccb28061f0e12af745528c27adfce51273bebeb87c89949b068f0add, lem-20241019-f750fd6d/extensions/shell-mode/lem-shell-mode.asd
lem-scheme-mode, ghcr.io/ocicl/lem@sha256:3c66ff89ccb28061f0e12af745528c27adfce51273bebeb87c89949b068f0add, lem-20241019-f750fd6d/extensions/scheme-mode/lem-scheme-mode.asd
lem-scala-mode, ghcr.io/ocicl/lem@sha256:3c66ff89ccb28061f0e12af745528c27adfce51273bebeb87c89949b068f0add, lem-20241019-f750fd6d/extensions/scala-mode/lem-scala-mode.asd
lem-rust-mode, ghcr.io/ocicl/lem@sha256:3c66ff89ccb28061f0e12af745528c27adfce51273bebeb87c89949b068f0add, lem-20241019-f750fd6d/extensions/rust-mode/lem-rust-mode.asd
lem-ruby-mode, ghcr.io/ocicl/lem@sha256:3c66ff89ccb28061f0e12af745528c27adfce51273bebeb87c89949b068f0add, lem-20241019-f750fd6d/extensions/ruby-mode/lem-ruby-mode.asd
lem-review-mode, ghcr.io/ocicl/lem@sha256:3c66ff89ccb28061f0e12af745528c27adfce51273bebeb87c89949b068f0add, lem-20241019-f750fd6d/extensions/review-mode/lem-review-mode.asd
lem-python-mode, ghcr.io/ocicl/lem@sha256:3c66ff89ccb28061f0e12af745528c27adfce51273bebeb87c89949b068f0add, lem-20241019-f750fd6d/extensions/python-mode/lem-python-mode.asd
lem-process, ghcr.io/ocicl/lem@sha256:3c66ff89ccb28061f0e12af745528c27adfce51273bebeb87c89949b068f0add, lem-20241019-f750fd6d/extensions/process/lem-process.asd
lem-posix-shell-mode, ghcr.io/ocicl/lem@sha256:3c66ff89ccb28061f0e12af745528c27adfce51273bebeb87c89949b068f0add, lem-20241019-f750fd6d/extensions/posix-shell-mode/lem-posix-shell-mode.asd
lem-patch-mode, ghcr.io/ocicl/lem@sha256:3c66ff89ccb28061f0e12af745528c27adfce51273bebeb87c89949b068f0add, lem-20241019-f750fd6d/extensions/patch-mode/lem-patch-mode.asd
lem-paredit-mode, ghcr.io/ocicl/lem@sha256:3c66ff89ccb28061f0e12af745528c27adfce51273bebeb87c89949b068f0add, lem-20241019-f750fd6d/extensions/paredit-mode/lem-paredit-mode.asd
lem-ocaml-mode, ghcr.io/ocicl/lem@sha256:3c66ff89ccb28061f0e12af745528c27adfce51273bebeb87c89949b068f0add, lem-20241019-f750fd6d/extensions/ocaml-mode/lem-ocaml-mode.asd
lem-nim-mode, ghcr.io/ocicl/lem@sha256:3c66ff89ccb28061f0e12af745528c27adfce51273bebeb87c89949b068f0add, lem-20241019-f750fd6d/extensions/nim-mode/lem-nim-mode.asd
lem-markdown-mode, ghcr.io/ocicl/lem@sha256:3c66ff89ccb28061f0e12af745528c27adfce51273bebeb87c89949b068f0add, lem-20241019-f750fd6d/extensions/markdown-mode/lem-markdown-mode.asd
lem-makefile-mode, ghcr.io/ocicl/lem@sha256:3c66ff89ccb28061f0e12af745528c27adfce51273bebeb87c89949b068f0add, lem-20241019-f750fd6d/extensions/makefile-mode/lem-makefile-mode.asd
lem-lua-mode, ghcr.io/ocicl/lem@sha256:3c66ff89ccb28061f0e12af745528c27adfce51273bebeb87c89949b068f0add, lem-20241019-f750fd6d/extensions/lua-mode/lem-lua-mode.asd
lem-lsp-mode, ghcr.io/ocicl/lem@sha256:3c66ff89ccb28061f0e12af745528c27adfce51273bebeb87c89949b068f0add, lem-20241019-f750fd6d/extensions/lsp-mode/lem-lsp-mode.asd
lem-lsp-base, ghcr.io/ocicl/lem@sha256:3c66ff89ccb28061f0e12af745528c27adfce51273bebeb87c89949b068f0add, lem-20241019-f750fd6d/extensions/lsp-base/lem-lsp-base.asd
lem-lisp-syntax, ghcr.io/ocicl/lem@sha256:3c66ff89ccb28061f0e12af745528c27adfce51273bebeb87c89949b068f0add, lem-20241019-f750fd6d/extensions/lisp-syntax/lem-lisp-syntax.asd
lem-lisp-mode, ghcr.io/ocicl/lem@sha256:3c66ff89ccb28061f0e12af745528c27adfce51273bebeb87c89949b068f0add, lem-20241019-f750fd6d/extensions/lisp-mode/lem-lisp-mode.asd
lem-dashboard, ghcr.io/ocicl/lem@sha256:3c66ff89ccb28061f0e12af745528c27adfce51273bebeb87c89949b068f0add, lem-20241019-f750fd6d/extensions/lem-dashboard/lem-dashboard.asd
lem-base16-themes, ghcr.io/ocicl/lem@sha256:3c66ff89ccb28061f0e12af745528c27adfce51273bebeb87c89949b068f0add, lem-20241019-f750fd6d/extensions/lem-base16-themes/lem-base16-themes.asd
lem-base16-themes-generate, ghcr.io/ocicl/lem@sha256:3c66ff89ccb28061f0e12af745528c27adfce51273bebeb87c89949b068f0add, lem-20241019-f750fd6d/extensions/lem-base16-themes/lem-base16-themes-generate.asd
lem-legit, ghcr.io/ocicl/lem@sha256:3c66ff89ccb28061f0e12af745528c27adfce51273bebeb87c89949b068f0add, lem-20241019-f750fd6d/extensions/legit/lem-legit.asd
lem-language-server, ghcr.io/ocicl/lem@sha256:3c66ff89ccb28061f0e12af745528c27adfce51273bebeb87c89949b068f0add, lem-20241019-f750fd6d/extensions/language-server/lem-language-server.asd
lem-language-client, ghcr.io/ocicl/lem@sha256:3c66ff89ccb28061f0e12af745528c27adfce51273bebeb87c89949b068f0add, lem-20241019-f750fd6d/extensions/language-client/lem-language-client.asd
lem-json-mode, ghcr.io/ocicl/lem@sha256:3c66ff89ccb28061f0e12af745528c27adfce51273bebeb87c89949b068f0add, lem-20241019-f750fd6d/extensions/json-mode/lem-json-mode.asd
lem-js-mode, ghcr.io/ocicl/lem@sha256:3c66ff89ccb28061f0e12af745528c27adfce51273bebeb87c89949b068f0add, lem-20241019-f750fd6d/extensions/js-mode/lem-js-mode.asd
lem-java-mode, ghcr.io/ocicl/lem@sha256:3c66ff89ccb28061f0e12af745528c27adfce51273bebeb87c89949b068f0add, lem-20241019-f750fd6d/extensions/java-mode/lem-java-mode.asd
lem-html-mode, ghcr.io/ocicl/lem@sha256:3c66ff89ccb28061f0e12af745528c27adfce51273bebeb87c89949b068f0add, lem-20241019-f750fd6d/extensions/html-mode/lem-html-mode.asd
lem-haskell-mode, ghcr.io/ocicl/lem@sha256:3c66ff89ccb28061f0e12af745528c27adfce51273bebeb87c89949b068f0add, lem-20241019-f750fd6d/extensions/haskell-mode/lem-haskell-mode.asd
lem-go-mode, ghcr.io/ocicl/lem@sha256:3c66ff89ccb28061f0e12af745528c27adfce51273bebeb87c89949b068f0add, lem-20241019-f750fd6d/extensions/go-mode/lem-go-mode.asd
lem-erlang-mode, ghcr.io/ocicl/lem@sha256:3c66ff89ccb28061f0e12af745528c27adfce51273bebeb87c89949b068f0add, lem-20241019-f750fd6d/extensions/erlang-mode/lem-erlang-mode.asd
lem-encodings-table, ghcr.io/ocicl/lem@sha256:3c66ff89ccb28061f0e12af745528c27adfce51273bebeb87c89949b068f0add, lem-20241019-f750fd6d/extensions/encodings/encodings-table/lem-encodings-table.asd
lem-encodings, ghcr.io/ocicl/lem@sha256:3c66ff89ccb28061f0e12af745528c27adfce51273bebeb87c89949b068f0add, lem-20241019-f750fd6d/extensions/encodings/lem-encodings.asd
lem-elixir-mode, ghcr.io/ocicl/lem@sha256:3c66ff89ccb28061f0e12af745528c27adfce51273bebeb87c89949b068f0add, lem-20241019-f750fd6d/extensions/elixir-mode/lem-elixir-mode.asd
lem-elisp-mode, ghcr.io/ocicl/lem@sha256:3c66ff89ccb28061f0e12af745528c27adfce51273bebeb87c89949b068f0add, lem-20241019-f750fd6d/extensions/elisp-mode/lem-elisp-mode.asd
lem-dot-mode, ghcr.io/ocicl/lem@sha256:3c66ff89ccb28061f0e12af745528c27adfce51273bebeb87c89949b068f0add, lem-20241019-f750fd6d/extensions/dot-mode/lem-dot-mode.asd
lem-documentation-mode, ghcr.io/ocicl/lem@sha256:3c66ff89ccb28061f0e12af745528c27adfce51273bebeb87c89949b068f0add, lem-20241019-f750fd6d/extensions/documentation-mode/lem-documentation-mode.asd
lem-dart-mode, ghcr.io/ocicl/lem@sha256:3c66ff89ccb28061f0e12af745528c27adfce51273bebeb87c89949b068f0add, lem-20241019-f750fd6d/extensions/dart-mode/lem-dart-mode.asd
lem-css-mode, ghcr.io/ocicl/lem@sha256:3c66ff89ccb28061f0e12af745528c27adfce51273bebeb87c89949b068f0add, lem-20241019-f750fd6d/extensions/css-mode/lem-css-mode.asd
lem-copilot, ghcr.io/ocicl/lem@sha256:3c66ff89ccb28061f0e12af745528c27adfce51273bebeb87c89949b068f0add, lem-20241019-f750fd6d/extensions/copilot/lem-copilot.asd
lem-color-preview, ghcr.io/ocicl/lem@sha256:3c66ff89ccb28061f0e12af745528c27adfce51273bebeb87c89949b068f0add, lem-20241019-f750fd6d/extensions/color-preview/lem-color-preview.asd
lem-c-mode, ghcr.io/ocicl/lem@sha256:3c66ff89ccb28061f0e12af745528c27adfce51273bebeb87c89949b068f0add, lem-20241019-f750fd6d/extensions/c-mode/lem-c-mode.asd
lem-asm-mode, ghcr.io/ocicl/lem@sha256:3c66ff89ccb28061f0e12af745528c27adfce51273bebeb87c89949b068f0add, lem-20241019-f750fd6d/extensions/asm-mode/lem-asm-mode.asd
lem-asciidoc-mode, ghcr.io/ocicl/lem@sha256:3c66ff89ccb28061f0e12af745528c27adfce51273bebeb87c89949b068f0add, lem-20241019-f750fd6d/extensions/asciidoc-mode/lem-asciidoc-mode.asd
lem-version-up, ghcr.io/ocicl/lem@sha256:3c66ff89ccb28061f0e12af745528c27adfce51273bebeb87c89949b068f0add, lem-20241019-f750fd6d/contrib/version-up/lem-version-up.asd
lem-trailing-spaces, ghcr.io/ocicl/lem@sha256:3c66ff89ccb28061f0e12af745528c27adfce51273bebeb87c89949b068f0add, lem-20241019-f750fd6d/contrib/trailing-spaces/lem-trailing-spaces.asd
lem-tetris, ghcr.io/ocicl/lem@sha256:3c66ff89ccb28061f0e12af745528c27adfce51273bebeb87c89949b068f0add, lem-20241019-f750fd6d/contrib/tetris/lem-tetris.asd
lem-selection-mode, ghcr.io/ocicl/lem@sha256:3c66ff89ccb28061f0e12af745528c27adfce51273bebeb87c89949b068f0add, lem-20241019-f750fd6d/contrib/selection-mode/lem-selection-mode.asd
lem-ollama, ghcr.io/ocicl/lem@sha256:3c66ff89ccb28061f0e12af745528c27adfce51273bebeb87c89949b068f0add, lem-20241019-f750fd6d/contrib/ollama/lem-ollama.asd
lem-mouse-sgr1006, ghcr.io/ocicl/lem@sha256:3c66ff89ccb28061f0e12af745528c27adfce51273bebeb87c89949b068f0add, lem-20241019-f750fd6d/contrib/mouse-sgr1006/lem-mouse-sgr1006.asd
lem-modeline-battery, ghcr.io/ocicl/lem@sha256:3c66ff89ccb28061f0e12af745528c27adfce51273bebeb87c89949b068f0add, lem-20241019-f750fd6d/contrib/modeline-battery/lem-modeline-battery.asd
lem-migemo, ghcr.io/ocicl/lem@sha256:3c66ff89ccb28061f0e12af745528c27adfce51273bebeb87c89949b068f0add, lem-20241019-f750fd6d/contrib/migemo/lem-migemo.asd
lem-google-translate, ghcr.io/ocicl/lem@sha256:3c66ff89ccb28061f0e12af745528c27adfce51273bebeb87c89949b068f0add, lem-20241019-f750fd6d/contrib/google-translate/lem-google-translate.asd
lem-fbar, ghcr.io/ocicl/lem@sha256:3c66ff89ccb28061f0e12af745528c27adfce51273bebeb87c89949b068f0add, lem-20241019-f750fd6d/contrib/fbar/lem-fbar.asd
lem-calc-mode, ghcr.io/ocicl/lem@sha256:3c66ff89ccb28061f0e12af745528c27adfce51273bebeb87c89949b068f0add, lem-20241019-f750fd6d/contrib/calc-mode/lem-calc-mode.asd
lem-bracket-paren-mode, ghcr.io/ocicl/lem@sha256:3c66ff89ccb28061f0e12af745528c27adfce51273bebeb87c89949b068f0add, lem-20241019-f750fd6d/contrib/bracket-paren-mode/lem-bracket-paren-mode.asd
lem-contrib, ghcr.io/ocicl/lem@sha256:3c66ff89ccb28061f0e12af745528c27adfce51273bebeb87c89949b068f0add, lem-20241019-f750fd6d/contrib/lem-contrib.asd
lem, ghcr.io/ocicl/lem@sha256:3c66ff89ccb28061f0e12af745528c27adfce51273bebeb87c89949b068f0add, lem-20241019-f750fd6d/lem.asd
lem-tests, ghcr.io/ocicl/lem@sha256:3c66ff89ccb28061f0e12af745528c27adfce51273bebeb87c89949b068f0add, lem-20241019-f750fd6d/lem-tests.asd
trivial-backtrace, ghcr.io/ocicl/iterate@sha256:398e3747b164f42e1a19fccf974bdf9c2a7938660f9bead1bb052124d58b5476, iterate-20240503-26cf129/ext/trivial-backtrace/trivial-backtrace.asd
trivial-backtrace-test, ghcr.io/ocicl/iterate@sha256:398e3747b164f42e1a19fccf974bdf9c2a7938660f9bead1bb052124d58b5476, iterate-20240503-26cf129/ext/trivial-backtrace/trivial-backtrace-test.asd
rt, ghcr.io/ocicl/iterate@sha256:398e3747b164f42e1a19fccf974bdf9c2a7938660f9bead1bb052124d58b5476, iterate-20240503-26cf129/ext/rt/rt.asd
fiveam, ghcr.io/ocicl/iterate@sha256:398e3747b164f42e1a19fccf974bdf9c2a7938660f9bead1bb052124d58b5476, iterate-20240503-26cf129/ext/fiveam/fiveam.asd
net.didierverna.asdf-flv, ghcr.io/ocicl/iterate@sha256:398e3747b164f42e1a19fccf974bdf9c2a7938660f9bead1bb052124d58b5476, iterate-20240503-26cf129/ext/asdf-flv/net.didierverna.asdf-flv.asd
alexandria-tests, ghcr.io/ocicl/iterate@sha256:398e3747b164f42e1a19fccf974bdf9c2a7938660f9bead1bb052124d58b5476, iterate-20240503-26cf129/ext/alexandria/alexandria-tests.asd
iterate, ghcr.io/ocicl/iterate@sha256:398e3747b164f42e1a19fccf974bdf9c2a7938660f9bead1bb052124d58b5476, iterate-20240503-26cf129/iterate.asd
closer-mop, ghcr.io/ocicl/closer-mop@sha256:501e7e31934426c504f59166ef9242274bbc64a5c214c8d8d0f296f58cc0151c, closer-mop-20240930-8a71777/closer-mop.asd
trivia.trivial, ghcr.io/ocicl/trivia@sha256:51db74757bc31ceaf3a643914a8ffa87825799097dea4912650e6ac62bed5209, trivia-20240904-4383dd8/trivia.trivial.asd
trivia.test, ghcr.io/ocicl/trivia@sha256:51db74757bc31ceaf3a643914a8ffa87825799097dea4912650e6ac62bed5209, trivia-20240904-4383dd8/trivia.test.asd
trivia.quasiquote, ghcr.io/ocicl/trivia@sha256:51db74757bc31ceaf3a643914a8ffa87825799097dea4912650e6ac62bed5209, trivia-20240904-4383dd8/trivia.quasiquote.asd
trivia.ppcre, ghcr.io/ocicl/trivia@sha256:51db74757bc31ceaf3a643914a8ffa87825799097dea4912650e6ac62bed5209, trivia-20240904-4383dd8/trivia.ppcre.asd
trivia.level2, ghcr.io/ocicl/trivia@sha256:51db74757bc31ceaf3a643914a8ffa87825799097dea4912650e6ac62bed5209, trivia-20240904-4383dd8/trivia.level2.asd
trivia.level1, ghcr.io/ocicl/trivia@sha256:51db74757bc31ceaf3a643914a8ffa87825799097dea4912650e6ac62bed5209, trivia-20240904-4383dd8/trivia.level1.asd
trivia.level0, ghcr.io/ocicl/trivia@sha256:51db74757bc31ceaf3a643914a8ffa87825799097dea4912650e6ac62bed5209, trivia-20240904-4383dd8/trivia.level0.asd
trivia.fset, ghcr.io/ocicl/trivia@sha256:51db74757bc31ceaf3a643914a8ffa87825799097dea4912650e6ac62bed5209, trivia-20240904-4383dd8/trivia.fset.asd
trivia.cffi, ghcr.io/ocicl/trivia@sha256:51db74757bc31ceaf3a643914a8ffa87825799097dea4912650e6ac62bed5209, trivia-20240904-4383dd8/trivia.cffi.asd
trivia.benchmark, ghcr.io/ocicl/trivia@sha256:51db74757bc31ceaf3a643914a8ffa87825799097dea4912650e6ac62bed5209, trivia-20240904-4383dd8/trivia.benchmark.asd
trivia.balland2006, ghcr.io/ocicl/trivia@sha256:51db74757bc31ceaf3a643914a8ffa87825799097dea4912650e6ac62bed5209, trivia-20240904-4383dd8/trivia.balland2006.asd
trivia, ghcr.io/ocicl/trivia@sha256:51db74757bc31ceaf3a643914a8ffa87825799097dea4912650e6ac62bed5209, trivia-20240904-4383dd8/trivia.asd
lisp-namespace.test, ghcr.io/ocicl/lisp-namespace@sha256:ae08006e0b267958c50160658c729c799c6e1c18d94eef83f2ce5cf6ab8bbd20, lisp-namespace-20240503-699fccb/lisp-namespace.test.asd
lisp-namespace, ghcr.io/ocicl/lisp-namespace@sha256:ae08006e0b267958c50160658c729c799c6e1c18d94eef83f2ce5cf6ab8bbd20, lisp-namespace-20240503-699fccb/lisp-namespace.asd
trivial-cltl2, ghcr.io/ocicl/trivial-cltl2@sha256:69470b4f6469314799074b9d944050dc4bcb67d5cbb2ba32c7a8899bb492f04e, trivial-cltl2-20230809-2ada872/trivial-cltl2.asd
type-i.test, ghcr.io/ocicl/type-i@sha256:de5c3e7f7b72409c5ec49885eea8c6fe2e02def2846cf97f70c1c21f21a1567c, type-i-20240503-4407a68/type-i.test.asd
type-i, ghcr.io/ocicl/type-i@sha256:de5c3e7f7b72409c5ec49885eea8c6fe2e02def2846cf97f70c1c21f21a1567c, type-i-20240503-4407a68/type-i.asd
introspect-environment, ghcr.io/ocicl/introspect-environment@sha256:4fa482690dee130996f1d0f89b470e0e84c92f22caea7649d3b83ce3e49c78ba, introspect-environment-20240503-69a50ac/introspect-environment.asd
introspect-environment-test, ghcr.io/ocicl/introspect-environment@sha256:4fa482690dee130996f1d0f89b470e0e84c92f22caea7649d3b83ce3e49c78ba, introspect-environment-20240503-69a50ac/introspect-environment-test.asd
trivial-types, ghcr.io/ocicl/trivial-types@sha256:6c7e66c7a2c7b190cf31a78597a1de81dc4d8190d0698416a1504b0d2cf3a2d9, trivial-types-20240503-ee869f2/trivial-types.asd
micros, ghcr.io/ocicl/micros@sha256:26f344663e085580e6790875e278e8d4b504314414d0ae5cf7276fde4f11a047, micros-20241002-af94fe5/micros.asd
inquisitor, ghcr.io/ocicl/inquisitor@sha256:aea0347743cae043a7d2a9decad50bec2fefb69b809b6452e93b7ff6427150a5, inquisitor-20240503-423fa9b/inquisitor.asd
inquisitor-test, ghcr.io/ocicl/inquisitor@sha256:aea0347743cae043a7d2a9decad50bec2fefb69b809b6452e93b7ff6427150a5, inquisitor-20240503-423fa9b/inquisitor-test.asd
inquisitor-flexi, ghcr.io/ocicl/inquisitor@sha256:aea0347743cae043a7d2a9decad50bec2fefb69b809b6452e93b7ff6427150a5, inquisitor-20240503-423fa9b/inquisitor-flexi.asd
inquisitor-flexi-test, ghcr.io/ocicl/inquisitor@sha256:aea0347743cae043a7d2a9decad50bec2fefb69b809b6452e93b7ff6427150a5, inquisitor-20240503-423fa9b/inquisitor-flexi-test.asd
anaphora, ghcr.io/ocicl/anaphora@sha256:55f1c61b7826c5451a60b4b4522e35e770504bbfa2036d8becbf21f6d654925a, anaphora-20240503-bcf0f74/anaphora.asd
yason, ghcr.io/ocicl/yason@sha256:c15551fa9fa754a2be2e3c0efbc3619482e7327c6b43744578b6d9e2bc02e138, yason-20241012-cbad2f6/yason.asd
yason-tests, ghcr.io/ocicl/yason@sha256:c15551fa9fa754a2be2e3c0efbc3619482e7327c6b43744578b6d9e2bc02e138, yason-20241012-cbad2f6/yason-tests.asd
log4cl.log4sly, ghcr.io/ocicl/log4cl@sha256:bd33f6e5ad346892e852492e7101bc18d263f9ef2ba6192178568d1b20337112, log4cl-20240503-fe3da51/log4cl.log4sly.asd
log4cl.log4slime, ghcr.io/ocicl/log4cl@sha256:bd33f6e5ad346892e852492e7101bc18d263f9ef2ba6192178568d1b20337112, log4cl-20240503-fe3da51/log4cl.log4slime.asd
log4cl, ghcr.io/ocicl/log4cl@sha256:bd33f6e5ad346892e852492e7101bc18d263f9ef2ba6192178568d1b20337112, log4cl-20240503-fe3da51/log4cl.asd
log4cl-examples, ghcr.io/ocicl/log4cl@sha256:bd33f6e5ad346892e852492e7101bc18d263f9ef2ba6192178568d1b20337112, log4cl-20240503-fe3da51/log4cl-examples.asd
str.test, ghcr.io/ocicl/str@sha256:3771c466d33a923d4fd1b1aa71f7a60d0029405e7fb3bafae1a3f19b7ac9b121, cl-str-20240708-1bcf26d/str.test.asd
str, ghcr.io/ocicl/str@sha256:3771c466d33a923d4fd1b1aa71f7a60d0029405e7fb3bafae1a3f19b7ac9b121, cl-str-20240708-1bcf26d/str.asd
cl-unicode, ghcr.io/ocicl/cl-unicode@sha256:d98f12c1271fb3c1812a27d64dfbe95b0bc5bcfd545b71b8101874e61270b120, cl-unicode-20240503-07e7ff5/cl-unicode.asd
cl-change-case, ghcr.io/ocicl/cl-change-case@sha256:63b6a033f762d6dc5d365ce49f2a2c691677f2ec1375ebe4226d13b19a29dc7c, cl-change-case-0.2.1/cl-change-case.asd
lem-mailbox, ghcr.io/ocicl/lem-mailbox@sha256:f9c34eefff7ed8239f98286c83fc60645a832215b1c6a116a342d6e3267393b0, lem-mailbox-20240503-12d6295/lem-mailbox.asd
bt-semaphore, ghcr.io/ocicl/bt-semaphore@sha256:60e212f93b44b30dbb36f8d66a42b2b380d9ab0e7e226b74a258197f7f5d0eec, bt-semaphore-20240503-46b4bf3/bt-semaphore.asd
bt-semaphore-test, ghcr.io/ocicl/bt-semaphore@sha256:60e212f93b44b30dbb36f8d66a42b2b380d9ab0e7e226b74a258197f7f5d0eec, bt-semaphore-20240503-46b4bf3/bt-semaphore-test.asd
queues.simple-queue, ghcr.io/ocicl/queues@sha256:bf4e28daa0e4206e18cff3567b7b67e116211cf81a58a59055b139f8d7dbdce4, queues-20240503-47d4da6/queues.simple-queue.asd
queues.simple-cqueue, ghcr.io/ocicl/queues@sha256:bf4e28daa0e4206e18cff3567b7b67e116211cf81a58a59055b139f8d7dbdce4, queues-20240503-47d4da6/queues.simple-cqueue.asd
queues.priority-queue, ghcr.io/ocicl/queues@sha256:bf4e28daa0e4206e18cff3567b7b67e116211cf81a58a59055b139f8d7dbdce4, queues-20240503-47d4da6/queues.priority-queue.asd
queues.priority-cqueue, ghcr.io/ocicl/queues@sha256:bf4e28daa0e4206e18cff3567b7b67e116211cf81a58a59055b139f8d7dbdce4, queues-20240503-47d4da6/queues.priority-cqueue.asd
queues, ghcr.io/ocicl/queues@sha256:bf4e28daa0e4206e18cff3567b7b67e116211cf81a58a59055b139f8d7dbdce4, queues-20240503-47d4da6/queues.asd
swank, ghcr.io/ocicl/swank@sha256:1e634a3bf205e76372dfc4a789d42575195718180a3551536ef0e2c20caa5002, slime-2.30/swank.asd
